,method,workers,N,delay,pi,delay_per_point
0,sequential,1,100000,0.009211540222167969,3.14528,9.211540222167968e-08
1,threading,1,100000,0.007979393005371094,3.14456,7.979393005371093e-08
2,multiprocessing,1,100000,0.03507065773010254,3.14716,3.507065773010254e-07
3,threading,2,100000,0.0038950443267822266,3.14716,3.895044326782226e-08
4,multiprocessing,2,100000,0.06999015808105469,3.13552,6.999015808105469e-07
5,threading,3,100000,0.0051233768463134766,3.13152,5.1233768463134765e-08
6,multiprocessing,3,100000,0.05533194541931152,3.13692,5.533194541931153e-07
7,threading,4,100000,0.0029878616333007812,3.14016,2.987861633300781e-08
8,multiprocessing,4,100000,0.05457925796508789,3.13648,5.457925796508789e-07
9,threading,5,100000,0.002734661102294922,3.14088,2.7346611022949218e-08
10,multiprocessing,5,100000,0.06326913833618164,3.1634,6.326913833618164e-07
11,threading,6,100000,0.0048944950103759766,3.1506,4.8944950103759766e-08
12,multiprocessing,6,100000,0.07850861549377441,3.11736,7.850861549377441e-07
13,threading,7,100000,0.0031201839447021484,3.14448,3.120183944702148e-08
14,multiprocessing,7,100000,0.0894923210144043,3.17548,8.94923210144043e-07
15,threading,8,100000,0.002962827682495117,3.14664,2.9628276824951173e-08
16,multiprocessing,8,100000,0.11220097541809082,3.1232,1.1220097541809083e-06
17,threading,9,100000,0.0031976699829101562,3.14288,3.197669982910156e-08
18,multiprocessing,9,100000,0.11754846572875977,3.14888,1.1754846572875977e-06
19,threading,10,100000,0.0028569698333740234,3.13872,2.8569698333740236e-08
20,multiprocessing,10,100000,0.1287093162536621,3.13,1.287093162536621e-06
21,sequential,1,100000,0.007396221160888672,3.13472,7.396221160888672e-08
22,threading,1,100000,0.008052587509155273,3.14236,8.052587509155273e-08
23,multiprocessing,1,100000,0.030672788619995117,3.13764,3.067278861999512e-07
24,threading,2,100000,0.003469228744506836,3.13764,3.469228744506836e-08
25,multiprocessing,2,100000,0.049671173095703125,3.14432,4.967117309570312e-07
26,threading,3,100000,0.004759311676025391,3.1402,4.7593116760253904e-08
27,multiprocessing,3,100000,0.055409908294677734,3.129,5.540990829467773e-07
28,threading,4,100000,0.0045070648193359375,3.13628,4.507064819335938e-08
29,multiprocessing,4,100000,0.07002472877502441,3.14864,7.002472877502442e-07
30,threading,5,100000,0.0030164718627929688,3.1418,3.0164718627929686e-08
31,multiprocessing,5,100000,0.08876895904541016,3.1496,8.876895904541016e-07
32,threading,6,100000,0.003517627716064453,3.13124,3.517627716064453e-08
33,multiprocessing,6,100000,0.12741923332214355,3.13368,1.2741923332214356e-06
34,threading,7,100000,0.005465269088745117,3.1398,5.465269088745117e-08
35,multiprocessing,7,100000,0.10932683944702148,3.12228,1.0932683944702148e-06
36,threading,8,100000,0.003021240234375,3.1308,3.021240234375e-08
37,multiprocessing,8,100000,0.14391756057739258,3.13144,1.4391756057739258e-06
38,threading,9,100000,0.003056764602661133,3.13604,3.0567646026611326e-08
39,multiprocessing,9,100000,0.15609288215637207,3.1216,1.5609288215637208e-06
40,threading,10,100000,0.004984378814697266,3.13812,4.9843788146972655e-08
41,multiprocessing,10,100000,0.2146923542022705,3.15016,2.146923542022705e-06
42,sequential,1,100000,0.004358530044555664,3.14548,4.358530044555664e-08
43,threading,1,100000,0.0066106319427490234,3.14932,6.610631942749024e-08
44,multiprocessing,1,100000,0.06177926063537598,3.13876,6.177926063537597e-07
45,threading,2,100000,0.007695436477661133,3.13876,7.695436477661133e-08
46,multiprocessing,2,100000,0.050048112869262695,3.14176,5.00481128692627e-07
47,threading,3,100000,0.002924680709838867,3.14012,2.9246807098388672e-08
48,multiprocessing,3,100000,0.07543754577636719,3.13416,7.543754577636718e-07
49,threading,4,100000,0.005341768264770508,3.13468,5.341768264770508e-08
50,multiprocessing,4,100000,0.1119987964630127,3.11488,1.119987964630127e-06
51,threading,5,100000,0.004336118698120117,3.13548,4.336118698120117e-08
52,multiprocessing,5,100000,0.10631752014160156,3.1492,1.0631752014160156e-06
53,threading,6,100000,0.0039861202239990234,3.14556,3.9861202239990236e-08
54,multiprocessing,6,100000,0.09920763969421387,3.1368,9.920763969421386e-07
55,threading,7,100000,0.003809213638305664,3.13884,3.809213638305664e-08
56,multiprocessing,7,100000,0.1513822078704834,3.17268,1.513822078704834e-06
57,threading,8,100000,0.003504514694213867,3.15464,3.5045146942138674e-08
58,multiprocessing,8,100000,0.18609380722045898,3.12544,1.8609380722045899e-06
59,threading,9,100000,0.005672931671142578,3.1396,5.6729316711425784e-08
60,multiprocessing,9,100000,0.16667962074279785,3.146,1.6667962074279786e-06
61,threading,10,100000,0.004548072814941406,3.14424,4.5480728149414066e-08
62,multiprocessing,10,100000,0.14512109756469727,3.13368,1.4512109756469727e-06
63,sequential,1,11200000,0.4274141788482666,3.1413832142857143,3.816198025430952e-08
64,threading,1,11200000,0.44914889335632324,3.1418403571428573,4.010257976395743e-08
65,multiprocessing,1,11200000,0.4750378131866455,3.142257142857143,4.241409046309335e-08
66,threading,2,11200000,0.3304939270019531,3.142257142857143,2.95083863394601e-08
67,multiprocessing,2,11200000,0.27086853981018066,3.1414178571428573,2.4184691054480417e-08
68,threading,3,11200000,0.29715490341186523,3.1415675,2.6531687804630824e-08
69,multiprocessing,3,11200000,0.22673392295837402,3.1406207142857143,2.024410026414054e-08
70,threading,4,11200000,0.24167370796203613,3.1410610714285716,2.1578009639467513e-08
71,multiprocessing,4,11200000,0.2475593090057373,3.1419357142857143,2.2103509732655117e-08
72,threading,5,11200000,0.30082082748413086,3.141574285714286,2.6859002453940256e-08
73,multiprocessing,5,11200000,0.26128482818603516,3.139994642857143,2.3329002516610282e-08
74,threading,6,11200000,0.3193378448486328,3.1411228571428573,2.8512307575770788e-08
75,multiprocessing,6,11200000,0.2888071537017822,3.142005,2.5786353009087697e-08
76,threading,7,11200000,0.3739752769470215,3.1419489285714284,3.3390649727412633e-08
77,multiprocessing,7,11200000,0.23877859115600586,3.1427925,2.1319517067500522e-08
78,threading,8,11200000,0.22653436660766602,3.1413975,2.0226282732827322e-08
79,multiprocessing,8,11200000,0.24811601638793945,3.1409857142857143,2.2153215748923165e-08
80,threading,9,11200000,0.22066283226013184,3.142195357142857,1.970203859465463e-08
81,multiprocessing,9,11200000,0.24609160423278809,3.1414114285714287,2.1972464663641793e-08
82,threading,10,11200000,0.19867348670959473,3.140660357142857,1.773870417049953e-08
83,multiprocessing,10,11200000,0.2634162902832031,3.140989285714286,2.3519311632428852e-08
84,sequential,1,11200000,0.39725637435913086,3.1406914285714285,3.5469319139208115e-08
85,threading,1,11200000,0.41442322731018066,3.1410882142857144,3.700207386698042e-08
86,multiprocessing,1,11200000,0.42145276069641113,3.1417257142857142,3.762971077646528e-08
87,threading,2,11200000,0.29294419288635254,3.1417257142857142,2.615573150771005e-08
88,multiprocessing,2,11200000,0.27739644050598145,3.1406485714285712,2.47675393308912e-08
89,threading,3,11200000,0.24808549880981445,3.141267857142857,2.2150490965162006e-08
90,multiprocessing,3,11200000,0.23488283157348633,3.1425064285714286,2.097168139048985e-08
91,threading,4,11200000,0.2625432014465332,3.1418846428571428,2.3441357272011892e-08
92,multiprocessing,4,11200000,0.21678662300109863,3.1401585714285716,1.9355948482240948e-08
93,threading,5,11200000,0.20968127250671387,3.1410896428571426,1.8721542188099452e-08
94,multiprocessing,5,11200000,0.2131514549255371,3.1398892857142857,1.9031379904065815e-08
95,threading,6,11200000,0.21314525604248047,3.1407625,1.9030826432364326e-08
96,multiprocessing,6,11200000,0.24003911018371582,3.1404107142857143,2.143206340926034e-08
97,threading,7,11200000,0.24084901809692383,3.1419810714285714,2.150437661579677e-08
98,multiprocessing,7,11200000,0.23384475708007812,3.1424275,2.087899616786412e-08
99,threading,8,11200000,0.225602388381958,3.1407117857142857,2.0143070391246252e-08
100,multiprocessing,8,11200000,0.2549581527709961,3.1410771428571427,2.2764120783124652e-08
101,threading,9,11200000,0.1827561855316162,3.140450714285714,1.6317516565322877e-08
102,multiprocessing,9,11200000,0.26623106002807617,3.1412185714285714,2.377063035964966e-08
103,threading,10,11200000,0.23828387260437012,3.141707142857143,2.1275345768247333e-08
104,multiprocessing,10,11200000,0.2756612300872803,3.141882142857143,2.4612609829221454e-08
105,sequential,1,11200000,0.4238259792327881,3.1418614285714286,3.7841605288641795e-08
106,threading,1,11200000,0.4276423454284668,3.1416146428571428,3.818235227039882e-08
107,multiprocessing,1,11200000,0.44445276260375977,3.1411189285714287,3.9683282375335694e-08
108,threading,2,11200000,0.2731592655181885,3.1411189285714287,2.4389220135552544e-08
109,multiprocessing,2,11200000,0.25189208984375,3.141774285714286,2.2490365164620534e-08
110,threading,3,11200000,0.23926687240600586,3.141727857142857,2.1363113607679095e-08
111,multiprocessing,3,11200000,0.2201061248779297,3.1419085714285715,1.9652332578386578e-08
112,threading,4,11200000,0.2177448272705078,3.141833214285714,1.9441502434866768e-08
113,multiprocessing,4,11200000,0.19343280792236328,3.141374285714286,1.727078642163958e-08
114,threading,5,11200000,0.21742916107177734,3.141615,1.9413317952837264e-08
115,multiprocessing,5,11200000,0.22950315475463867,3.143430357142857,2.049135310309274e-08
116,threading,6,11200000,0.24171042442321777,3.1418660714285713,2.1581287894930158e-08
117,multiprocessing,6,11200000,0.2793762683868408,3.1418978571428573,2.49443096773965e-08
118,threading,7,11200000,0.2635684013366699,3.1423114285714284,2.3532892976488386e-08
119,multiprocessing,7,11200000,0.22289681434631348,3.1445925,1.9901501280920848e-08
120,threading,8,11200000,0.21989774703979492,3.141555357142857,1.9633727414267405e-08
121,multiprocessing,8,11200000,0.2657279968261719,3.1414714285714287,2.3725714002336774e-08
122,threading,9,11200000,0.19527673721313477,3.1407257142857143,1.7435422965458462e-08
123,multiprocessing,9,11200000,0.26790952682495117,3.1414789285714284,2.3920493466513497e-08
124,threading,10,11200000,0.20401406288146973,3.1420885714285713,1.8215541328702655e-08
125,multiprocessing,10,11200000,0.27732300758361816,3.141435714285714,2.4760982819965907e-08
126,sequential,1,22300000,0.7749972343444824,3.141542421524664,3.4753239208272756e-08
127,threading,1,22300000,0.811488151550293,3.1415614349775787,3.638960320853332e-08
128,multiprocessing,1,22300000,0.8160426616668701,3.1407838565022423,3.659384133035292e-08
129,threading,2,22300000,0.5510797500610352,3.1407838565022423,2.4712096415293055e-08
130,multiprocessing,2,22300000,0.4755232334136963,3.142360179372197,2.1323911812273376e-08
131,threading,3,22300000,0.4680454730987549,3.14185201793722,2.0988586237612327e-08
132,multiprocessing,3,22300000,0.39856982231140137,3.1422242152466366,1.7873086202304993e-08
133,threading,4,22300000,0.45222926139831543,3.1420086098654707,2.0279339076157644e-08
134,multiprocessing,4,22300000,0.4260897636413574,3.1408444843049326,1.910716428885011e-08
135,threading,5,22300000,0.40674519538879395,3.1414982959641256,1.8239694860484034e-08
136,multiprocessing,5,22300000,0.3698272705078125,3.1408026905829596,1.6584182533982623e-08
137,threading,6,22300000,0.40857505798339844,3.14202600896861,1.8321751479076164e-08
138,multiprocessing,6,22300000,0.38494873046875,3.1415752466367715,1.7262274908912556e-08
139,threading,7,22300000,0.36882948875427246,3.1412281614349777,1.6539438957590693e-08
140,multiprocessing,7,22300000,0.3627502918243408,3.141297399103139,1.626682922979107e-08
141,threading,8,22300000,0.4426693916320801,3.141177399103139,1.9850645364667268e-08
142,multiprocessing,8,22300000,0.36176395416259766,3.14125201793722,1.6222598841372094e-08
143,threading,9,22300000,0.39333152770996094,3.1413201793721974,1.7638185099101387e-08
144,multiprocessing,9,22300000,0.3846435546875,3.1429404484304935,1.724858989630045e-08
145,threading,10,22300000,0.3775010108947754,3.141492197309417,1.6928296452680512e-08
146,multiprocessing,10,22300000,0.3810279369354248,3.141497757847534,1.7086454571095283e-08
147,sequential,1,22300000,0.8006978034973145,3.141490403587444,3.590573109853428e-08
148,threading,1,22300000,0.8100731372833252,3.141050403587444,3.632614965396077e-08
149,multiprocessing,1,22300000,0.8698132038116455,3.1409881614349775,3.900507640410967e-08
150,threading,2,22300000,0.5475606918334961,3.1409881614349775,2.455429111360969e-08
151,multiprocessing,2,22300000,0.4927189350128174,3.141631928251121,2.2095019507301227e-08
152,threading,3,22300000,0.46899938583374023,3.1414663677130044,2.1031362593441266e-08
153,multiprocessing,3,22300000,0.38934326171875,3.1412803587443947,1.7459339090526904e-08
154,threading,4,22300000,0.46257948875427246,3.142090403587444,2.0743474832030156e-08
155,multiprocessing,4,22300000,0.33175158500671387,3.141517488789238,1.487675269088403e-08
156,threading,5,22300000,0.4299321174621582,3.141710134529148,1.9279467150769426e-08
157,multiprocessing,5,22300000,0.4122316837310791,3.141667264573991,1.848572572785108e-08
158,threading,6,22300000,0.40653347969055176,3.142539192825112,1.8230200882984383e-08
159,multiprocessing,6,22300000,0.4012293815612793,3.141403049327354,1.799234894893629e-08
160,threading,7,22300000,0.3845055103302002,3.1415614349775787,1.724239956637669e-08
161,multiprocessing,7,22300000,0.35315704345703125,3.141355156950673,1.5836638720046243e-08
162,threading,8,22300000,0.3999762535095215,3.1420554260089686,1.7936154865897826e-08
163,multiprocessing,8,22300000,0.34273624420166016,3.141415605381166,1.5369338305007183e-08
164,threading,9,22300000,0.40338683128356934,3.141084125560538,1.808909557325423e-08
165,multiprocessing,9,22300000,0.35260510444641113,3.141952466367713,1.5811888091767315e-08
166,threading,10,22300000,0.36571574211120605,3.141514798206278,1.6399809063282784e-08
167,multiprocessing,10,22300000,0.3767280578613281,3.1411838565022423,1.6893634881673906e-08
168,sequential,1,22300000,0.7831935882568359,3.141505112107623,3.512078871106888e-08
169,threading,1,22300000,0.7962267398834229,3.1420421524663675,3.57052349723508e-08
170,multiprocessing,1,22300000,0.8052349090576172,3.1419765022421524,3.610918874697835e-08
171,threading,2,22300000,0.5787479877471924,3.1419765022421524,2.5952824562654368e-08
172,multiprocessing,2,22300000,0.4780397415161133,3.1419684304932733,2.1436759709242747e-08
173,threading,3,22300000,0.5132062435150146,3.1421585650224215,2.3013732893049985e-08
174,multiprocessing,3,22300000,0.3785207271575928,3.142650941704036,1.6974023639353936e-08
175,threading,4,22300000,0.41762423515319824,3.1422432286995514,1.8727544177273465e-08
176,multiprocessing,4,22300000,0.3538191318511963,3.14181668161435,1.5866328782564856e-08
177,threading,5,22300000,0.43735194206237793,3.141689865470852,1.9612194711317397e-08
178,multiprocessing,5,22300000,0.3523859977722168,3.1413784753363228,1.5802062680368466e-08
179,threading,6,22300000,0.4080662727355957,3.1415034977578475,1.8298935997111915e-08
180,multiprocessing,6,22300000,0.3636660575866699,3.141244843049327,1.6307894959043494e-08
181,threading,7,22300000,0.3986334800720215,3.1419617937219733,1.787594081040455e-08
182,multiprocessing,7,22300000,0.33411216735839844,3.1421562331838566,1.4982608401721902e-08
183,threading,8,22300000,0.42479634284973145,3.1419919282511213,1.90491633564902e-08
184,multiprocessing,8,22300000,0.3173346519470215,3.1430572197309417,1.423025345053908e-08
185,threading,9,22300000,0.3640148639678955,3.1417237668161433,1.6323536500802488e-08
186,multiprocessing,9,22300000,0.36090612411499023,3.1404349775784755,1.6184131126232744e-08
187,threading,10,22300000,0.40699315071105957,3.141488609865471,1.825081393323137e-08
188,multiprocessing,10,22300000,0.3728029727935791,3.1417793721973095,1.6717622098366776e-08
189,sequential,1,33400000,1.1986236572265625,3.1415214371257485,3.588693584510666e-08
190,threading,1,33400000,1.2001993656158447,3.142140239520958,3.593411274298936e-08
191,multiprocessing,1,33400000,1.2046098709106445,3.1415179640718565,3.606616379971989e-08
192,threading,2,33400000,0.8064448833465576,3.1415179640718565,2.4145056387621484e-08
193,multiprocessing,2,33400000,0.6866483688354492,3.1418589221556887,2.0558334396270936e-08
194,threading,3,33400000,0.681877613067627,3.1416737724550896,2.041549739723434e-08
195,multiprocessing,3,33400000,0.5304837226867676,3.1412144910179642,1.5882746188226575e-08
196,threading,4,33400000,0.6217241287231445,3.1411925748502996,1.8614494871950436e-08
197,multiprocessing,4,33400000,0.47289252281188965,3.1412756886227546,1.4158458766823044e-08
198,threading,5,33400000,0.5985972881317139,3.14196251497006,1.7922074494961493e-08
199,multiprocessing,5,33400000,0.4920663833618164,3.1418910179640718,1.4732526447958575e-08
200,threading,6,33400000,0.5736098289489746,3.1416960479041918,1.71739469745202e-08
201,multiprocessing,6,33400000,0.5004420280456543,3.1410352095808385,1.4983294252863902e-08
202,threading,7,33400000,0.5654392242431641,3.141640838323353,1.6929318091112698e-08
203,multiprocessing,7,33400000,0.4957728385925293,3.142634491017964,1.4843498161452972e-08
204,threading,8,33400000,0.5548181533813477,3.1418464670658683,1.661132195752538e-08
205,multiprocessing,8,33400000,0.5194714069366455,3.142534131736527,1.555303613582771e-08
206,threading,9,33400000,0.6342308521270752,3.1412634730538924,1.8988947668475307e-08
207,multiprocessing,9,33400000,0.5000145435333252,3.1428334131736526,1.4970495315369018e-08
208,threading,10,33400000,0.5957896709442139,3.142025628742515,1.7838014100126165e-08
209,multiprocessing,10,33400000,0.5257301330566406,3.1418670658682633,1.5740423145408402e-08
210,sequential,1,33400000,1.203636884689331,3.1415862275449102,3.6037032475728475e-08
211,threading,1,33400000,1.2218539714813232,3.141176407185629,3.6582454235967764e-08
212,multiprocessing,1,33400000,1.2795977592468262,3.141394491017964,3.83113101570906e-08
213,threading,2,33400000,0.8722987174987793,3.141394491017964,2.6116728068825726e-08
214,multiprocessing,2,33400000,0.7124078273773193,3.1420457485029942,2.1329575669979622e-08
215,threading,3,33400000,0.8205504417419434,3.1416165269461076,2.4567378495267767e-08
216,multiprocessing,3,33400000,0.7017343044281006,3.1423297005988022,2.101000911461379e-08
217,threading,4,33400000,0.6387906074523926,3.1424585628742516,1.912546728899379e-08
218,multiprocessing,4,33400000,0.5451440811157227,3.1425758083832336,1.6321679075321037e-08
219,threading,5,33400000,0.6080737113952637,3.1420899401197606,1.8205799742373162e-08
220,multiprocessing,5,33400000,0.5140390396118164,3.141411377245509,1.5390390407539413e-08
221,threading,6,33400000,0.6099972724914551,3.1417162874251496,1.8263391391959733e-08
222,multiprocessing,6,33400000,0.4889824390411377,3.1413837125748505,1.4640192785662805e-08
223,threading,7,33400000,0.6169214248657227,3.141771616766467,1.847070134328511e-08
224,multiprocessing,7,33400000,0.49417948722839355,3.14264874251497,1.4795793030790226e-08
225,threading,8,33400000,0.5534217357635498,3.1414120958083833,1.656951304681287e-08
226,multiprocessing,8,33400000,0.5213301181793213,3.1424469461077846,1.560868617303357e-08
227,threading,9,33400000,0.5497093200683594,3.1409194011976047,1.6458362876298184e-08
228,multiprocessing,9,33400000,0.5018339157104492,3.14070251497006,1.5024967536240995e-08
229,threading,10,33400000,0.5581719875335693,3.141071497005988,1.671173615369968e-08
230,multiprocessing,10,33400000,0.5011284351348877,3.142117365269461,1.500384536331999e-08
231,sequential,1,33400000,1.1985065937042236,3.140817724550898,3.5883430949228256e-08
232,threading,1,33400000,1.2347056865692139,3.141625868263473,3.696723612482676e-08
233,multiprocessing,1,33400000,1.2458164691925049,3.141954491017964,3.7299894287200744e-08
234,threading,2,33400000,0.8264162540435791,3.141954491017964,2.4743001618071232e-08
235,multiprocessing,2,33400000,0.7541351318359375,3.1413128143712576,2.257889616275262e-08
236,threading,3,33400000,0.7152395248413086,3.141139640718563,2.1414357031176904e-08
237,multiprocessing,3,33400000,0.5330765247344971,3.1416089820359283,1.596037499205081e-08
238,threading,4,33400000,0.6798183917999268,3.1412920958083834,2.035384406586607e-08
239,multiprocessing,4,33400000,0.49244022369384766,3.140500119760479,1.4743719272270889e-08
240,threading,5,33400000,0.5957262516021729,3.141234371257485,1.7836115317430324e-08
241,multiprocessing,5,33400000,0.5465729236602783,3.1417269461077844,1.63644587922239e-08
242,threading,6,33400000,0.6284768581390381,3.1417500598802395,1.88166723993724e-08
243,multiprocessing,6,33400000,0.4792346954345703,3.14082251497006,1.4348344174687733e-08
244,threading,7,33400000,0.6316626071929932,3.1418822754491016,1.8912054107574645e-08
245,multiprocessing,7,33400000,0.5240631103515625,3.1406929341317364,1.5690512285974924e-08
246,threading,8,33400000,0.5987462997436523,3.141840838323353,1.7926535920468632e-08
247,multiprocessing,8,33400000,0.504547119140625,3.142237125748503,1.5106201171875e-08
248,threading,9,33400000,0.5316174030303955,3.141794610778443,1.5916688713484895e-08
249,multiprocessing,9,33400000,0.516904354095459,3.1420950898203595,1.5476178266331107e-08
250,threading,10,33400000,0.5579473972320557,3.141334610778443,1.670501189317532e-08
251,multiprocessing,10,33400000,0.5236499309539795,3.1412778443113774,1.567814164532873e-08
252,sequential,1,44500000,1.5836131572723389,3.141827235955056,3.558681252297391e-08
253,threading,1,44500000,1.6248805522918701,3.141385438202247,3.6514169714424046e-08
254,multiprocessing,1,44500000,1.63679838180542,3.14145797752809,3.678198610798697e-08
255,threading,2,44500000,1.1640713214874268,3.14145797752809,2.6158906100841052e-08
256,multiprocessing,2,44500000,0.9096662998199463,3.141698876404494,2.0441939321796547e-08
257,threading,3,44500000,0.9329206943511963,3.1419091235955054,2.096450998542014e-08
258,multiprocessing,3,44500000,0.7089967727661133,3.1422043146067415,1.5932511747553107e-08
259,threading,4,44500000,0.9179024696350098,3.1414640898876405,2.062702178955078e-08
260,multiprocessing,4,44500000,0.6532175540924072,3.1408086292134834,1.4679046159379938e-08
261,threading,5,44500000,0.7900657653808594,3.1417974831460675,1.7754286862491222e-08
262,multiprocessing,5,44500000,0.6506078243255615,3.141816629213483,1.4620400546641833e-08
263,threading,6,44500000,0.8485443592071533,3.1415191011235954,1.9068412566452885e-08
264,multiprocessing,6,44500000,0.6331641674041748,3.1411706966292137,1.4228408256273591e-08
265,threading,7,44500000,0.8248920440673828,3.1415659325842697,1.853689986668276e-08
266,multiprocessing,7,44500000,0.6556904315948486,3.14068197752809,1.4734616440333677e-08
267,threading,8,44500000,0.7329580783843994,3.1410148314606743,1.647096805358201e-08
268,multiprocessing,8,44500000,0.6689391136169434,3.1422022471910114,1.5032339631841425e-08
269,threading,9,44500000,0.7342119216918945,3.1417770786516854,1.6499144307683025e-08
270,multiprocessing,9,44500000,0.6482667922973633,3.1407217078651684,1.4567793085334007e-08
271,threading,10,44500000,0.7798724174499512,3.14185195505618,1.7525222864043848e-08
272,multiprocessing,10,44500000,0.6589274406433105,3.1426103370786516,1.4807358216703607e-08
273,sequential,1,44500000,1.6219537258148193,3.1416294831460676,3.644839833291729e-08
274,threading,1,44500000,1.6141114234924316,3.1416684943820226,3.6272166820054646e-08
275,multiprocessing,1,44500000,1.619011640548706,3.1416049438202247,3.6382284057274296e-08
276,threading,2,44500000,1.045381784439087,3.1416049438202247,2.349172549301319e-08
277,multiprocessing,2,44500000,0.9085071086883545,3.1419031011235954,2.041589008288437e-08
278,threading,3,44500000,0.9689502716064453,3.141385617977528,2.177416340688641e-08
279,multiprocessing,3,44500000,0.730736494064331,3.142171415730337,1.6421044810434407e-08
280,threading,4,44500000,0.9073996543884277,3.1416382921348314,2.039100346940287e-08
281,multiprocessing,4,44500000,0.6253392696380615,3.1417301573033707,1.405256785703509e-08
282,threading,5,44500000,0.8075175285339355,3.141611865168539,1.814646131536934e-08
283,multiprocessing,5,44500000,0.5947163105010986,3.1411555056179776,1.3364411471934801e-08
284,threading,6,44500000,0.7732193470001221,3.1415125393258427,1.737571566292409e-08
285,multiprocessing,6,44500000,0.6217575073242188,3.142293573033708,1.3972078816274578e-08
286,threading,7,44500000,0.7870354652404785,3.14183595505618,1.7686190230123114e-08
287,multiprocessing,7,44500000,0.6285276412963867,3.1418781123595507,1.412421665834577e-08
288,threading,8,44500000,0.7683851718902588,3.141127730337079,1.7267082514387837e-08
289,multiprocessing,8,44500000,0.6466491222381592,3.1419534382022474,1.4531440949172117e-08
290,threading,9,44500000,0.7660775184631348,3.141407011235955,1.721522513400303e-08
291,multiprocessing,9,44500000,0.6206698417663574,3.1428291235955057,1.394763689362601e-08
292,threading,10,44500000,0.7399601936340332,3.141968269662921,1.662831895806816e-08
293,multiprocessing,10,44500000,0.6178488731384277,3.1415047191011234,1.3884244340189388e-08
294,sequential,1,44500000,1.6329922676086426,3.141655820224719,3.6696455451879606e-08
295,threading,1,44500000,1.6691210269927979,3.1415436404494383,3.7508337685231416e-08
296,multiprocessing,1,44500000,1.62626314163208,3.141261662921348,3.654523913779955e-08
297,threading,2,44500000,1.1016497611999512,3.141261662921348,2.4756174408987668e-08
298,multiprocessing,2,44500000,0.9433145523071289,3.1413254831460673,2.1198079827126493e-08
299,threading,3,44500000,0.9252285957336426,3.141493662921348,2.079165383671107e-08
300,multiprocessing,3,44500000,0.6991920471191406,3.1423280898876405,1.5712180834137992e-08
301,threading,4,44500000,0.8976969718933105,3.1417521797752808,2.0172965660523833e-08
302,multiprocessing,4,44500000,0.6175811290740967,3.142074966292135,1.3878227619642621e-08
303,threading,5,44500000,0.8327460289001465,3.141580584269663,1.871339390786846e-08
304,multiprocessing,5,44500000,0.7075278759002686,3.1415734831460673,1.5899502829219517e-08
305,threading,6,44500000,0.8674221038818359,3.1415468764044943,1.9492631547906424e-08
306,multiprocessing,6,44500000,0.7731435298919678,3.141558471910112,1.737401190768467e-08
307,threading,7,44500000,0.8005831241607666,3.1418694831460674,1.7990632003612732e-08
308,multiprocessing,7,44500000,0.6412754058837891,3.1412583370786518,1.4410683278287395e-08
309,threading,8,44500000,0.7669205665588379,3.141338786516854,1.7234170035030065e-08
310,multiprocessing,8,44500000,0.683509349822998,3.1398349662921348,1.535976067017973e-08
311,threading,9,44500000,0.7027416229248047,3.1411060674157305,1.579194658257988e-08
312,multiprocessing,9,44500000,0.6507120132446289,3.1426818876404496,1.4622741870665818e-08
313,threading,10,44500000,0.7468533515930176,3.1415155955056178,1.6783221384112755e-08
314,multiprocessing,10,44500000,0.6539287567138672,3.1421716853932584,1.4695028240761061e-08
315,sequential,1,55600000,1.982774257659912,3.141911510791367,3.5661407511868923e-08
316,threading,1,55600000,2.1007585525512695,3.1415871942446043,3.7783427204159526e-08
317,multiprocessing,1,55600000,2.028144121170044,3.1414624460431653,3.6477412251259786e-08
318,threading,2,55600000,1.448939323425293,3.1414624460431653,2.6060059773836203e-08
319,multiprocessing,2,55600000,1.2368826866149902,3.14107654676259,2.224609148588112e-08
320,threading,3,55600000,1.2499523162841797,3.1415405035971222,2.2481156767701074e-08
321,multiprocessing,3,55600000,0.8357951641082764,3.140928345323741,1.5032287124249576e-08
322,threading,4,55600000,1.1255533695220947,3.1415664748201437,2.0243765638886595e-08
323,multiprocessing,4,55600000,0.8087513446807861,3.141756258992806,1.4545887494258743e-08
324,threading,5,55600000,1.0463409423828125,3.141499784172662,1.88190816975326e-08
325,multiprocessing,5,55600000,0.7335901260375977,3.1413575539568344,1.3194067015064706e-08
326,threading,6,55600000,0.9526994228363037,3.1416177697841725,1.7134881705688916e-08
327,multiprocessing,6,55600000,0.7658214569091797,3.140850215827338,1.3773767210596758e-08
328,threading,7,55600000,0.9474196434020996,3.141383381294964,1.7039921643922656e-08
329,multiprocessing,7,55600000,0.7415938377380371,3.141531510791367,1.3338018664353185e-08
330,threading,8,55600000,0.9769043922424316,3.1417624460431655,1.7570222882058123e-08
331,multiprocessing,8,55600000,0.7774767875671387,3.1411539568345326,1.3983395459840623e-08
332,threading,9,55600000,0.9108912944793701,3.1411815827338128,1.6382936951067808e-08
333,multiprocessing,9,55600000,0.7977535724639893,3.1409378417266187,1.434808583568326e-08
334,threading,10,55600000,1.0170090198516846,3.1412874100719423,1.8291529134023103e-08
335,multiprocessing,10,55600000,0.7649738788604736,3.1431129496402876,1.3758523001087656e-08
336,sequential,1,55600000,1.9961884021759033,3.1415628057553957,3.5902669103883156e-08
337,threading,1,55600000,2.00663161277771,3.1416208633093525,3.6090496632692623e-08
338,multiprocessing,1,55600000,2.0116779804229736,3.141709712230216,3.6181258640700963e-08
339,threading,2,55600000,1.3901824951171875,3.141709712230216,2.500328228628035e-08
340,multiprocessing,2,55600000,1.131692886352539,3.140945467625899,2.0354188603462934e-08
341,threading,3,55600000,1.1425755023956299,3.141325323741007,2.054991910783507e-08
342,multiprocessing,3,55600000,0.9041292667388916,3.1413524460431654,1.6261317747102367e-08
343,threading,4,55600000,1.138150691986084,3.141845395683453,2.0470336186800072e-08
344,multiprocessing,4,55600000,0.9041459560394287,3.14088690647482,1.6261617914378215e-08
345,threading,5,55600000,1.0863256454467773,3.1415336690647484,1.953823103321542e-08
346,multiprocessing,5,55600000,0.7321240901947021,3.14085035971223,1.3167699463933492e-08
347,threading,6,55600000,1.0012080669403076,3.1416197122302156,1.800733933345877e-08
348,multiprocessing,6,55600000,0.7589762210845947,3.1426976978417267,1.365065145835602e-08
349,threading,7,55600000,0.9256143569946289,3.141868417266187,1.6647740233716346e-08
350,multiprocessing,7,55600000,0.7850804328918457,3.142208345323741,1.4120151670716649e-08
351,threading,8,55600000,0.8985414505004883,3.142110143884892,1.6160817455044753e-08
352,multiprocessing,8,55600000,0.7611000537872314,3.140821870503597,1.3688849888259559e-08
353,threading,9,55600000,1.0249643325805664,3.1416569064748203,1.8434610298211625e-08
354,multiprocessing,9,55600000,0.7498219013214111,3.1418229496402876,1.3486005419449841e-08
355,threading,10,55600000,0.9266905784606934,3.1417142446043167,1.6667096734904556e-08
356,multiprocessing,10,55600000,0.7674710750579834,3.1405323741007196,1.3803436601762292e-08
357,sequential,1,55600000,1.980799913406372,3.141869928057554,3.562589772313619e-08
358,threading,1,55600000,2.0869367122650146,3.142018201438849,3.753483295440674e-08
359,multiprocessing,1,55600000,2.0599005222320557,3.1413575539568344,3.7048570543742006e-08
360,threading,2,55600000,1.3550968170166016,3.1413575539568344,2.437224491037053e-08
361,multiprocessing,2,55600000,1.1357429027557373,3.1413274820143884,2.042703062510319e-08
362,threading,3,55600000,1.1515254974365234,3.1413463309352516,2.0710890241664092e-08
363,multiprocessing,3,55600000,0.8399767875671387,3.1419697122302157,1.5107496179265084e-08
364,threading,4,55600000,1.0024609565734863,3.1414594244604315,1.802987331966702e-08
365,multiprocessing,4,55600000,0.7451362609863281,3.1412129496402876,1.3401731312703742e-08
366,threading,5,55600000,0.9463753700256348,3.141725179856115,1.7021139748662497e-08
367,multiprocessing,5,55600000,0.7479748725891113,3.1420237410071943,1.3452785478221427e-08
368,threading,6,55600000,0.9296309947967529,3.141914604316547,1.671998192080491e-08
369,multiprocessing,6,55600000,0.7697944641113281,3.141876690647482,1.3845224174664175e-08
370,threading,7,55600000,0.963965654373169,3.1418289928057552,1.73375117693016e-08
371,multiprocessing,7,55600000,0.7455363273620605,3.1418341726618704,1.3408926751116198e-08
372,threading,8,55600000,0.9083328247070312,3.141796978417266,1.6336921307680417e-08
373,multiprocessing,8,55600000,0.763200044631958,3.140960575539568,1.3726619507769028e-08
374,threading,9,55600000,0.8943133354187012,3.141391798561151,1.6084772219760814e-08
375,multiprocessing,9,55600000,0.8183400630950928,3.142269712230216,1.4718346458544834e-08
376,threading,10,55600000,0.9069018363952637,3.1420118705035973,1.6311184107828484e-08
377,multiprocessing,10,55600000,0.7601118087768555,3.1409546762589926,1.3671075697425458e-08
378,sequential,1,66700000,2.410581350326538,3.141310884557721,3.6140649929933104e-08
379,threading,1,66700000,2.4162135124206543,3.141590104947526,3.6225090141239194e-08
380,multiprocessing,1,66700000,2.396195411682129,3.1419148425787107,3.592496869088649e-08
381,threading,2,66700000,1.6369340419769287,3.1419148425787107,2.4541739759774043e-08
382,multiprocessing,2,66700000,1.364534854888916,3.1416580509745127,2.0457793926370553e-08
383,threading,3,66700000,1.492370843887329,3.1414110944527738,2.237437547057465e-08
384,multiprocessing,3,66700000,1.0299758911132812,3.141372953523238,1.544191740799522e-08
385,threading,4,66700000,1.3423995971679688,3.14160251874063,2.012593099202352e-08
386,multiprocessing,4,66700000,0.8989214897155762,3.1421397301349328,1.3477083803831726e-08
387,threading,5,66700000,1.2911899089813232,3.14196095952024,1.9358169549944877e-08
388,multiprocessing,5,66700000,1.0068199634552002,3.1410467766116943,1.5094752075790107e-08
389,threading,6,66700000,1.119894027709961,3.141524917541229,1.6790015407945442e-08
390,multiprocessing,6,66700000,0.9521479606628418,3.1409868665667164,1.4275081869008123e-08
391,threading,7,66700000,1.2338976860046387,3.141311004497751,1.8499215682228465e-08
392,multiprocessing,7,66700000,0.9937810897827148,3.1406840179910045,1.4899266713384031e-08
393,threading,8,66700000,1.1500871181488037,3.141702788605697,1.7242685429517298e-08
394,multiprocessing,8,66700000,0.9283246994018555,3.1422316041979013,1.3917911535260202e-08
395,threading,9,66700000,1.0333476066589355,3.141584527736132,1.5492467865951058e-08
396,multiprocessing,9,66700000,0.9128587245941162,3.1409746326836583,1.3686037849986749e-08
397,threading,10,66700000,1.059460163116455,3.1414506746626687,1.588396046651357e-08
398,multiprocessing,10,66700000,0.8670518398284912,3.1426506746626686,1.2999277958448144e-08
399,sequential,1,66700000,2.3710341453552246,3.141968515742129,3.5547738311172784e-08
400,threading,1,66700000,2.4617319107055664,3.141689895052474,3.690752489813443e-08
401,multiprocessing,1,66700000,2.403601884841919,3.1415571814092953,3.603601026749504e-08
402,threading,2,66700000,1.6023964881896973,3.1415571814092953,2.4023935355167876e-08
403,multiprocessing,2,66700000,1.345015048980713,3.1414852173913044,2.0165143163129127e-08
404,threading,3,66700000,1.3679437637329102,3.141529475262369,2.0508902004991155e-08
405,multiprocessing,3,66700000,1.0183982849121094,3.1417327736131933,1.5268340103629826e-08
406,threading,4,66700000,1.245194673538208,3.141550944527736,1.8668585810168035e-08
407,multiprocessing,4,66700000,0.8816525936126709,3.1407251574212895,1.3218179814282922e-08
408,threading,5,66700000,1.1969382762908936,3.141551124437781,1.794510159356662e-08
409,multiprocessing,5,66700000,1.0845270156860352,3.1413151424287857,1.625977534761672e-08
410,threading,6,66700000,1.2187657356262207,3.1415130434782608,1.8272349859463578e-08
411,multiprocessing,6,66700000,0.9428620338439941,3.1417903448275863,1.4135862576371726e-08
412,threading,7,66700000,1.146106481552124,3.141861529235382,1.718300572042165e-08
413,multiprocessing,7,66700000,0.9050142765045166,3.141544167916042,1.3568429932601449e-08
414,threading,8,66700000,1.1397550106048584,3.1413243778110944,1.7087781268438658e-08
415,multiprocessing,8,66700000,0.93379807472229,3.1416913943028484,1.3999971135266717e-08
416,threading,9,66700000,1.0142898559570312,3.141595442278861,1.5206744467121908e-08
417,multiprocessing,9,66700000,0.8709533214569092,3.141940749625187,1.3057770936385445e-08
418,threading,10,66700000,1.1552090644836426,3.141437541229385,1.7319476229140068e-08
419,multiprocessing,10,66700000,0.882155179977417,3.1422404797601198,1.3225714842240134e-08
420,sequential,1,66700000,2.359753131866455,3.1419136431784107,3.537860767415975e-08
421,threading,1,66700000,2.3891937732696533,3.1417644977511245,3.581999660074443e-08
422,multiprocessing,1,66700000,2.3976833820343018,3.1417452473763117,3.5947277091968544e-08
423,threading,2,66700000,1.630338191986084,3.1417452473763117,2.444285145406423e-08
424,multiprocessing,2,66700000,1.331345558166504,3.1422487556221887,1.9960203270862128e-08
425,threading,3,66700000,1.3396070003509521,3.142189685157421,2.0084062973777395e-08
426,multiprocessing,3,66700000,1.0302760601043701,3.1411419490254873,1.5446417692719193e-08
427,threading,4,66700000,1.2129371166229248,3.1415231184407797,1.8184964267210267e-08
428,multiprocessing,4,66700000,0.8676831722259521,3.1407640179910046,1.300874321178339e-08
429,threading,5,66700000,1.1712558269500732,3.1414893553223386,1.7560057375563316e-08
430,multiprocessing,5,66700000,1.00718355178833,3.1417571214392805,1.5100203175237334e-08
431,threading,6,66700000,1.1685564517974854,3.1415251574212895,1.7519586983470544e-08
432,multiprocessing,6,66700000,0.8434944152832031,3.1423588605697153,1.2646093182656719e-08
433,threading,7,66700000,1.0638835430145264,3.141589805097451,1.595027800621479e-08
434,multiprocessing,7,66700000,0.9260618686676025,3.1419026686656673,1.388398603699554e-08
435,threading,8,66700000,1.1732916831970215,3.141087676161919,1.7590579957976333e-08
436,multiprocessing,8,66700000,0.926109790802002,3.142009955022489,1.3884704509775142e-08
437,threading,9,66700000,1.0712850093841553,3.141736071964018,1.6061244518503078e-08
438,multiprocessing,9,66700000,0.8739662170410156,3.141264467766117,1.3102941784722874e-08
439,threading,10,66700000,1.1505229473114014,3.1416179910044977,1.7249219599871084e-08
440,multiprocessing,10,66700000,0.8456902503967285,3.1428443778110946,1.2679014248826515e-08
441,sequential,1,77800000,3.0147950649261475,3.1415134190231364,3.875057924069598e-08
442,threading,1,77800000,3.135570526123047,3.141424935732648,4.0302963060707545e-08
443,multiprocessing,1,77800000,3.1849753856658936,3.1417572750642675,4.093798696228655e-08
444,threading,2,77800000,2.202031135559082,3.1417572750642675,2.8303742102301824e-08
445,multiprocessing,2,77800000,1.8728258609771729,3.1413123907455014,2.4072311837752863e-08
446,threading,3,77800000,1.7522549629211426,3.141646118251928,2.252255736402497e-08
447,multiprocessing,3,77800000,1.2927725315093994,3.1411693573264783,1.661661351554498e-08
448,threading,4,77800000,1.5143024921417236,3.141316143958869,1.946404231544632e-08
449,multiprocessing,4,77800000,1.1019692420959473,3.141713110539846,1.4164129075783384e-08
450,threading,5,77800000,1.3786282539367676,3.1416523907455014,1.772015750561398e-08
451,multiprocessing,5,77800000,1.0919184684753418,3.141096401028278,1.4034941754181772e-08
452,threading,6,77800000,1.2557954788208008,3.1410738303341903,1.614133006196402e-08
453,multiprocessing,6,77800000,0.9619872570037842,3.1413698714652956,1.2364874768686171e-08
454,threading,7,77800000,1.2410759925842285,3.1413396915167096,1.5952133580774145e-08
455,multiprocessing,7,77800000,1.0735282897949219,3.141843650385604,1.3798564136181515e-08
456,threading,8,77800000,1.2174649238586426,3.142051568123393,1.5648649406923426e-08
457,multiprocessing,8,77800000,1.164733648300171,3.1414478149100256,1.497086951542636e-08
458,threading,9,77800000,1.4522712230682373,3.1415384061696656,1.8666725232239556e-08
459,multiprocessing,9,77800000,1.0432827472686768,3.1418079177377893,1.3409803949468853e-08
460,threading,10,77800000,1.2205846309661865,3.141653264781491,1.5688748470002398e-08
461,multiprocessing,10,77800000,0.9891612529754639,3.1419547557840617,1.2714154922563803e-08
462,sequential,1,77800000,3.140594482421875,3.1417907455012855,4.03675383344714e-08
463,threading,1,77800000,3.0690724849700928,3.1416409254498716,3.944823245462844e-08
464,multiprocessing,1,77800000,3.011418342590332,3.1419501285347042,3.870717663997856e-08
465,threading,2,77800000,2.1711337566375732,3.1419501285347042,2.790660355575287e-08
466,multiprocessing,2,77800000,1.7841064929962158,3.141855732647815,2.2931960064218713e-08
467,threading,3,77800000,1.5777537822723389,3.141874035989717,2.0279611597330833e-08
468,multiprocessing,3,77800000,1.2816338539123535,3.142262467866324,1.6473442852343877e-08
469,threading,4,77800000,1.4211702346801758,3.1416316709511567,1.8266969597431565e-08
470,multiprocessing,4,77800000,1.1089668273925781,3.1414416452442158,1.425407233152414e-08
471,threading,5,77800000,1.455554485321045,3.1412960925449873,1.8708926546542995e-08
472,multiprocessing,5,77800000,1.094069242477417,3.1417748071979434,1.4062586664234152e-08
473,threading,6,77800000,1.3165223598480225,3.1414323907455013,1.6921881231979722e-08
474,multiprocessing,6,77800000,0.983802080154419,3.1411588688946015,1.2645270953141632e-08
475,threading,7,77800000,1.2807202339172363,3.141582416452442,1.6461699664745967e-08
476,multiprocessing,7,77800000,1.0264530181884766,3.14188323907455,1.3193483524273477e-08
477,threading,8,77800000,1.206397533416748,3.1414834447300772,1.55063950310636e-08
478,multiprocessing,8,77800000,1.0357754230499268,3.142081233933162,1.331330877956204e-08
479,threading,9,77800000,1.1607747077941895,3.141551825192802,1.4919983390670814e-08
480,multiprocessing,9,77800000,1.0142557621002197,3.1416950128534706,1.3036706453730331e-08
481,threading,10,77800000,1.298508882522583,3.1417568637532134,1.6690345533709293e-08
482,multiprocessing,10,77800000,1.0049200057983398,3.140280205655527,1.2916709586096913e-08
483,sequential,1,77800000,3.069462776184082,3.141423496143959,3.945324905120928e-08
484,threading,1,77800000,3.1207683086395264,3.141725089974293,4.01127031958808e-08
485,multiprocessing,1,77800000,3.052006959915161,3.1413468380462723,3.9228881232842685e-08
486,threading,2,77800000,2.1125197410583496,3.1413468380462723,2.7153210039310408e-08
487,multiprocessing,2,77800000,1.781156063079834,3.1419188688946016,2.2894036800512006e-08
488,threading,3,77800000,1.6648027896881104,3.1414823650385606,2.1398493440721214e-08
489,multiprocessing,3,77800000,1.2500019073486328,3.1409915167095117,1.6066862562321758e-08
490,threading,4,77800000,1.5210630893707275,3.141465964010283,1.9550939452065906e-08
491,multiprocessing,4,77800000,1.2192206382751465,3.1418515167095116,1.5671216430271804e-08
492,threading,5,77800000,1.3831584453582764,3.141642827763496,1.7778386187124374e-08
493,multiprocessing,5,77800000,1.0638442039489746,3.1415753213367608,1.3674090025051088e-08
494,threading,6,77800000,1.269927740097046,3.141460822622108,1.632297866448645e-08
495,multiprocessing,6,77800000,1.0862748622894287,3.1411082776349613,1.3962401828912965e-08
496,threading,7,77800000,1.2112035751342773,3.1414858611825194,1.5568169346198937e-08
497,multiprocessing,7,77800000,1.0498194694519043,3.141216349614396,1.3493823514805967e-08
498,threading,8,77800000,1.2937688827514648,3.1413995372750643,1.6629420086779754e-08
499,multiprocessing,8,77800000,1.0636413097381592,3.14133470437018,1.367148213031053e-08
500,threading,9,77800000,1.1838467121124268,3.1417813881748073,1.521653871609803e-08
501,multiprocessing,9,77800000,1.1206445693969727,3.141510848329049,1.4404171843148748e-08
502,threading,10,77800000,1.2241933345794678,3.1411866838046274,1.5735132835211667e-08
503,multiprocessing,10,77800000,1.0033962726593018,3.1411125964010282,1.2897124327240382e-08
504,sequential,1,88900000,3.765070676803589,3.141612553430821,4.235175114514723e-08
505,threading,1,88900000,3.872723340988159,3.141601034870641,4.3562692249585595e-08
506,multiprocessing,1,88900000,3.8576674461364746,3.1417447919010124,4.339333460221006e-08
507,threading,2,88900000,2.6658899784088135,3.1417447919010124,2.9987513817871916e-08
508,multiprocessing,2,88900000,2.066945791244507,3.1417053768278964,2.325023387226667e-08
509,threading,3,88900000,1.837212324142456,3.141715905511811,2.066605538967892e-08
510,multiprocessing,3,88900000,1.5840156078338623,3.142224971878515,1.7817948344587877e-08
511,threading,4,88900000,1.6577060222625732,3.141752305961755,1.864686189271736e-08
512,multiprocessing,4,88900000,1.3759129047393799,3.141398065241845,1.5477085542625195e-08
513,threading,5,88900000,1.6520943641662598,3.1416662317210347,1.858373862954173e-08
514,multiprocessing,5,88900000,1.3202235698699951,3.1418848143982,1.485065882868386e-08
515,threading,6,88900000,1.4799578189849854,3.1419698537682788,1.6647444533014457e-08
516,multiprocessing,6,88900000,1.257552146911621,3.141341372328459,1.4145693441075603e-08
517,threading,7,88900000,1.492760181427002,3.141572688413948,1.6791453109415094e-08
518,multiprocessing,7,88900000,1.2309327125549316,3.141978897637795,1.3846262233463798e-08
519,threading,8,88900000,1.4680254459381104,3.1416535883014625,1.6513222114039485e-08
520,multiprocessing,8,88900000,1.2000930309295654,3.1415857817772777,1.3499359178060354e-08
521,threading,9,88900000,1.4256319999694824,3.1413509561304838,1.6036355455224774e-08
522,multiprocessing,9,88900000,1.1796400547027588,3.1411858717660293,1.3269291953911797e-08
523,threading,10,88900000,1.4531278610229492,3.1416175478065242,1.6345645230854322e-08
524,multiprocessing,10,88900000,1.134399175643921,3.141462317210349,1.2760395676534544e-08
525,sequential,1,88900000,3.771743059158325,3.141637255343082,4.2426806064773064e-08
526,threading,1,88900000,3.9760353565216064,3.141362429696288,4.472480715997308e-08
527,multiprocessing,1,88900000,3.8149514198303223,3.1415519010123734,4.2912839368170104e-08
528,threading,2,88900000,2.5510594844818115,3.1415519010123734,2.8695832221392704e-08
529,multiprocessing,2,88900000,2.0842604637145996,3.1418946231721034,2.3444999591840266e-08
530,threading,3,88900000,1.8272788524627686,3.1417746231721035,2.0554317800481087e-08
531,multiprocessing,3,88900000,1.5591340065002441,3.1411951856018,1.7538065314963377e-08
532,threading,4,88900000,1.6755659580230713,3.141695883014623,1.8847761057627348e-08
533,multiprocessing,4,88900000,1.273494005203247,3.141580022497188,1.4325016931420103e-08
534,threading,5,88900000,1.5422992706298828,3.141217322834646,1.7348698207310267e-08
535,multiprocessing,5,88900000,1.32200288772583,3.14191361079865,1.4870673652708999e-08
536,threading,6,88900000,1.4830167293548584,3.141636400449944,1.6681852973620455e-08
537,multiprocessing,6,88900000,1.2861247062683105,3.1412358155230597,1.4467094558698657e-08
538,threading,7,88900000,1.4013428688049316,3.1415425421822274,1.5763136881945237e-08
539,multiprocessing,7,88900000,1.2307183742523193,3.141259527559055,1.3843851228934975e-08
540,threading,8,88900000,1.5960190296173096,3.1417020472440944,1.795296996194949e-08
541,multiprocessing,8,88900000,1.2820956707000732,3.14144575928009,1.4421773573679114e-08
542,threading,9,88900000,1.4360558986663818,3.141606839145107,1.6153609658789448e-08
543,multiprocessing,9,88900000,1.2052497863769531,3.142615748031496,1.3557365426062465e-08
544,threading,10,88900000,1.4266939163208008,3.1417389876265465,1.604830052104388e-08
545,multiprocessing,10,88900000,1.237123727798462,3.142204724409449,1.3915902449926455e-08
546,sequential,1,88900000,3.775667667388916,3.1417551406074242,4.247095238907667e-08
547,threading,1,88900000,3.909106731414795,3.141604994375703,4.3971954234137175e-08
548,multiprocessing,1,88900000,3.9014651775360107,3.1414421597300337,4.388599749759292e-08
549,threading,2,88900000,2.662062406539917,3.1414421597300337,2.994445901619704e-08
550,multiprocessing,2,88900000,2.1830453872680664,3.1416975478065243,2.4556191082880387e-08
551,threading,3,88900000,1.894148349761963,3.141656827896513,2.130650562161938e-08
552,multiprocessing,3,88900000,1.5692732334136963,3.1413595950506186,1.7652117361233928e-08
553,threading,4,88900000,1.6718730926513672,3.141791811023622,1.8806221514638552e-08
554,multiprocessing,4,88900000,1.3696818351745605,3.14130303712036,1.5406994771367387e-08
555,threading,5,88900000,1.651068925857544,3.141506816647919,1.8572203890411067e-08
556,multiprocessing,5,88900000,1.3534483909606934,3.1415673790776153,1.5224391349389127e-08
557,threading,6,88900000,1.474836826324463,3.1416932283464565,1.6589840566079448e-08
558,multiprocessing,6,88900000,1.39522123336792,3.1416499437570304,1.5694277090752755e-08
559,threading,7,88900000,1.4958851337432861,3.1414696512935882,1.6826604429058337e-08
560,multiprocessing,7,88900000,1.31150484085083,3.1418853543307086,1.4752585386398539e-08
561,threading,8,88900000,1.4538993835449219,3.1416756805399326,1.635432377440857e-08
562,multiprocessing,8,88900000,1.269392490386963,3.1414831946006747,1.4278880656771237e-08
563,threading,9,88900000,1.4585375785827637,3.1413650393700787,1.6406496946937725e-08
564,multiprocessing,9,88900000,1.243833065032959,3.1411640044994376,1.399137305998829e-08
565,threading,10,88900000,1.3851008415222168,3.141476985376828,1.5580436912510875e-08
566,multiprocessing,10,88900000,1.178086757659912,3.142056692913386,1.3251819546230733e-08
567,sequential,1,100000000,4.532270908355713,3.14160304,4.532270908355713e-08
568,threading,1,100000000,4.2333855628967285,3.14155176,4.2333855628967283e-08
569,multiprocessing,1,100000000,4.6195549964904785,3.14152532,4.6195549964904786e-08
570,threading,2,100000000,2.941549301147461,3.14152532,2.941549301147461e-08
571,multiprocessing,2,100000000,2.426567792892456,3.14179456,2.426567792892456e-08
572,threading,3,100000000,2.1533894538879395,3.14168372,2.1533894538879395e-08
573,multiprocessing,3,100000000,1.8773248195648193,3.14157396,1.8773248195648195e-08
574,threading,4,100000000,1.8395166397094727,3.14163452,1.8395166397094727e-08
575,multiprocessing,4,100000000,1.71700119972229,3.14131696,1.71700119972229e-08
576,threading,5,100000000,1.7845134735107422,3.141729,1.784513473510742e-08
577,multiprocessing,5,100000000,1.6020586490631104,3.1421296,1.6020586490631105e-08
578,threading,6,100000000,1.8377883434295654,3.14172296,1.8377883434295653e-08
579,multiprocessing,6,100000000,1.4550533294677734,3.14143392,1.4550533294677734e-08
580,threading,7,100000000,1.7308950424194336,3.14130436,1.7308950424194335e-08
581,multiprocessing,7,100000000,1.505849838256836,3.14164844,1.5058498382568358e-08
582,threading,8,100000000,1.7806568145751953,3.14143576,1.7806568145751953e-08
583,multiprocessing,8,100000000,1.4407157897949219,3.14109184,1.440715789794922e-08
584,threading,9,100000000,1.538484811782837,3.14149468,1.538484811782837e-08
585,multiprocessing,9,100000000,1.4419620037078857,3.14179668,1.4419620037078858e-08
586,threading,10,100000000,1.5120551586151123,3.14186428,1.5120551586151123e-08
587,multiprocessing,10,100000000,1.3877265453338623,3.1415804,1.3877265453338624e-08
588,sequential,1,100000000,4.453041076660156,3.14169312,4.4530410766601565e-08
589,threading,1,100000000,4.225662469863892,3.14148492,4.2256624698638914e-08
590,multiprocessing,1,100000000,4.276919603347778,3.1416424,4.2769196033477786e-08
591,threading,2,100000000,2.931626796722412,3.1416424,2.931626796722412e-08
592,multiprocessing,2,100000000,2.4072935581207275,3.14173352,2.4072935581207276e-08
593,threading,3,100000000,2.1193788051605225,3.1416888,2.1193788051605224e-08
594,multiprocessing,3,100000000,1.88285493850708,3.14156856,1.88285493850708e-08
595,threading,4,100000000,1.8561556339263916,3.14132196,1.8561556339263915e-08
596,multiprocessing,4,100000000,1.5025854110717773,3.14137792,1.5025854110717772e-08
597,threading,5,100000000,1.745011329650879,3.14159856,1.745011329650879e-08
598,multiprocessing,5,100000000,1.5468201637268066,3.1413348,1.5468201637268068e-08
599,threading,6,100000000,1.6386198997497559,3.14165212,1.638619899749756e-08
600,multiprocessing,6,100000000,1.3622305393218994,3.14120808,1.3622305393218994e-08
601,threading,7,100000000,1.5966072082519531,3.14150148,1.596607208251953e-08
602,multiprocessing,7,100000000,1.471264362335205,3.14194804,1.4712643623352051e-08
603,threading,8,100000000,1.5946638584136963,3.14164928,1.5946638584136963e-08
604,multiprocessing,8,100000000,1.4204626083374023,3.14213248,1.4204626083374024e-08
605,threading,9,100000000,1.5395197868347168,3.14132652,1.5395197868347168e-08
606,multiprocessing,9,100000000,1.4149196147918701,3.14158896,1.4149196147918701e-08
607,threading,10,100000000,1.6143884658813477,3.14133708,1.6143884658813476e-08
608,multiprocessing,10,100000000,1.3129053115844727,3.1429356,1.3129053115844727e-08
609,sequential,1,100000000,4.352135181427002,3.1417088,4.3521351814270016e-08
610,threading,1,100000000,4.35174036026001,3.14192148,4.3517403602600095e-08
611,multiprocessing,1,100000000,4.062659978866577,3.141678,4.062659978866577e-08
612,threading,2,100000000,2.9381093978881836,3.141678,2.9381093978881834e-08
613,multiprocessing,2,100000000,2.4975900650024414,3.1412044,2.4975900650024415e-08
614,threading,3,100000000,2.156196117401123,3.14147564,2.156196117401123e-08
615,multiprocessing,3,100000000,1.8634190559387207,3.14175012,1.8634190559387207e-08
616,threading,4,100000000,1.8637199401855469,3.14152692,1.863719940185547e-08
617,multiprocessing,4,100000000,1.6797780990600586,3.14148048,1.6797780990600587e-08
618,threading,5,100000000,1.771475076675415,3.14164956,1.771475076675415e-08
619,multiprocessing,5,100000000,1.5820624828338623,3.1411296,1.582062482833862e-08
620,threading,6,100000000,1.7060253620147705,3.1415194,1.7060253620147704e-08
621,multiprocessing,6,100000000,1.3913381099700928,3.1416612,1.3913381099700927e-08
622,threading,7,100000000,1.7403159141540527,3.1415878,1.7403159141540527e-08
623,multiprocessing,7,100000000,1.4536335468292236,3.14120632,1.4536335468292236e-08
624,threading,8,100000000,1.5889341831207275,3.1414236,1.5889341831207275e-08
625,multiprocessing,8,100000000,1.4927749633789062,3.14176992,1.4927749633789063e-08
626,threading,9,100000000,1.6279406547546387,3.14163252,1.6279406547546387e-08
627,multiprocessing,9,100000000,1.5010755062103271,3.14116596,1.501075506210327e-08
628,threading,10,100000000,1.4750676155090332,3.14126224,1.4750676155090332e-08
629,multiprocessing,10,100000000,1.340925693511963,3.142182,1.3409256935119629e-08
